{"runtime": [39.43638777732849, 0.13306760787963867, 1.4006001949310303, 56.90613269805908, 0.2357187271118164, 0.7883789539337158, 0.08854269981384277, 0.1381380558013916], "Graph_Edit_Distance@1": [[97.0], [2.0], [33.0], [301.0], [2.0], [6.0], [1.0], [3.0]], "Graph_Edit_Distance@2": [[97.0], [2.0], [33.0], [301.0], [2.0], [6.0], [1.0], [3.0]], "Graph_Edit_Distance@3": [[97.0], [2.0], [33.0], [301.0], [2.0], [6.0], [1.0], [3.0]], "Graph_Edit_Distance@4": [[97.0], [2.0], [33.0], [301.0], [2.0], [6.0], [1.0], [3.0]], "Graph_Edit_Distance@5": [[97.0], [2.0], [33.0], [301.0], [2.0], [6.0], [1.0], [3.0]], "Graph_Edit_Distance@6": [[97.0], [2.0], [33.0], [301.0], [2.0], [6.0], [1.0], [3.0]], "Graph_Edit_Distance@7": [[97.0], [2.0], [33.0], [301.0], [2.0], [6.0], [1.0], [3.0]], "Graph_Edit_Distance@8": [[97.0], [2.0], [33.0], [301.0], [2.0], [6.0], [1.0], [3.0]], "Graph_Edit_Distance@9": [[97.0], [2.0], [33.0], [301.0], [2.0], [6.0], [1.0], [3.0]], "Graph_Edit_Distance@10": [[97.0], [2.0], [33.0], [301.0], [2.0], [6.0], [1.0], [3.0]], "Oracle_Calls@1": [0, 0, 0, 0, 0, 0, 0, 0], "Oracle_Calls@2": [0, 0, 0, 0, 0, 0, 0, 0], "Oracle_Calls@3": [0, 0, 0, 0, 0, 0, 0, 0], "Oracle_Calls@4": [0, 0, 0, 0, 0, 0, 0, 0], "Oracle_Calls@5": [0, 0, 0, 0, 0, 0, 0, 0], "Oracle_Calls@6": [0, 0, 0, 0, 0, 0, 0, 0], "Oracle_Calls@7": [0, 0, 0, 0, 0, 0, 0, 0], "Oracle_Calls@8": [0, 0, 0, 0, 0, 0, 0, 0], "Oracle_Calls@9": [0, 0, 0, 0, 0, 0, 0, 0], "Oracle_Calls@10": [0, 0, 0, 0, 0, 0, 0, 0], "Correctness@1": [1, 1, 0, 0, 1, 1, 0, 1], "Correctness@2": [1, 1, 0, 0, 1, 1, 0, 1], "Correctness@3": [1, 1, 0, 0, 1, 1, 0, 1], "Correctness@4": [1, 1, 0, 0, 1, 1, 0, 1], "Correctness@5": [1, 1, 0, 0, 1, 1, 0, 1], "Correctness@6": [1, 1, 0, 0, 1, 1, 0, 1], "Correctness@7": [1, 1, 0, 0, 1, 1, 0, 1], "Correctness@8": [1, 1, 0, 0, 1, 1, 0, 1], "Correctness@9": [1, 1, 0, 0, 1, 1, 0, 1], "Correctness@10": [1, 1, 0, 0, 1, 1, 0, 1], "Sparsity@1": [[1.3472222222222223], [0.3333333333333333], [1.5], [3.909090909090909], [0.2222222222222222], [0.2727272727272727], [0.3333333333333333], [0.375]], "Sparsity@2": [[1.3472222222222223], [0.3333333333333333], [1.5], [3.909090909090909], [0.2222222222222222], [0.2727272727272727], [0.3333333333333333], [0.375]], "Sparsity@3": [[1.3472222222222223], [0.3333333333333333], [1.5], [3.909090909090909], [0.2222222222222222], [0.2727272727272727], [0.3333333333333333], [0.375]], "Sparsity@4": [[1.3472222222222223], [0.3333333333333333], [1.5], [3.909090909090909], [0.2222222222222222], [0.2727272727272727], [0.3333333333333333], [0.375]], "Sparsity@5": [[1.3472222222222223], [0.3333333333333333], [1.5], [3.909090909090909], [0.2222222222222222], [0.2727272727272727], [0.3333333333333333], [0.375]], "Sparsity@6": [[1.3472222222222223], [0.3333333333333333], [1.5], [3.909090909090909], [0.2222222222222222], [0.2727272727272727], [0.3333333333333333], [0.375]], "Sparsity@7": [[1.3472222222222223], [0.3333333333333333], [1.5], [3.909090909090909], [0.2222222222222222], [0.2727272727272727], [0.3333333333333333], [0.375]], "Sparsity@8": [[1.3472222222222223], [0.3333333333333333], [1.5], [3.909090909090909], [0.2222222222222222], [0.2727272727272727], [0.3333333333333333], [0.375]], "Sparsity@9": [[1.3472222222222223], [0.3333333333333333], [1.5], [3.909090909090909], [0.2222222222222222], [0.2727272727272727], [0.3333333333333333], [0.375]], "Sparsity@10": [[1.3472222222222223], [0.3333333333333333], [1.5], [3.909090909090909], [0.2222222222222222], [0.2727272727272727], [0.3333333333333333], [0.375]], "Fidelity@1": [-1, 1, 0, 0, 1, -1, 0, -1], "Fidelity@2": [-1, 1, 0, 0, 1, -1, 0, -1], "Fidelity@3": [-1, 1, 0, 0, 1, -1, 0, -1], "Fidelity@4": [-1, 1, 0, 0, 1, -1, 0, -1], "Fidelity@5": [-1, 1, 0, 0, 1, -1, 0, -1], "Fidelity@6": [-1, 1, 0, 0, 1, -1, 0, -1], "Fidelity@7": [-1, 1, 0, 0, 1, -1, 0, -1], "Fidelity@8": [-1, 1, 0, 0, 1, -1, 0, -1], "Fidelity@9": [-1, 1, 0, 0, 1, -1, 0, -1], "Fidelity@10": [-1, 1, 0, 0, 1, -1, 0, -1], "Oracle_Accuracy@1": [0, 1, 1, 1, 1, 0, 1, 0], "Oracle_Accuracy@2": [0, 1, 1, 1, 1, 0, 1, 0], "Oracle_Accuracy@3": [0, 1, 1, 1, 1, 0, 1, 0], "Oracle_Accuracy@4": [0, 1, 1, 1, 1, 0, 1, 0], "Oracle_Accuracy@5": [0, 1, 1, 1, 1, 0, 1, 0], "Oracle_Accuracy@6": [0, 1, 1, 1, 1, 0, 1, 0], "Oracle_Accuracy@7": [0, 1, 1, 1, 1, 0, 1, 0], "Oracle_Accuracy@8": [0, 1, 1, 1, 1, 0, 1, 0], "Oracle_Accuracy@9": [0, 1, 1, 1, 1, 0, 1, 0], "Oracle_Accuracy@10": [0, 1, 1, 1, 1, 0, 1, 0]}