{"runtime": [0.19786715507507324, 0.20410966873168945, 28.834548950195312, 1.2583961486816406, 0.26607823371887207, 0.11802029609680176, 0.18143033981323242, 8.178204536437988, 0.1089785099029541, 0.101715087890625, 0.08788585662841797, 0.13752317428588867, 4.19096565246582, 212.35251879692078, 0.7587878704071045, 0.1142728328704834, 0.08762907981872559, 112.08301830291748, 0.13614869117736816, 1.110792875289917, 0.09109616279602051, 0.10670804977416992, 200.02583503723145], "Graph_Edit_Distance@1": [[1.0], [5.0], [145.0], [26.0], [1.0], [2.0], [3.0], [116.0], [0.0], [1.0], [1.0], [4.0], [56.0], [275.0], [21.0], [1.0], [1.0], [537.0], [1.0], [21.0], [1.0], [2.0], [547.0]], "Graph_Edit_Distance@2": [[1.0], [5.0], [145.0], [26.0], [1.0], [2.0], [3.0], [116.0], [0.0], [1.0], [1.0], [4.0], [56.0], [275.0], [21.0], [1.0], [1.0], [537.0], [1.0], [21.0], [1.0], [2.0], [547.0]], "Graph_Edit_Distance@3": [[1.0], [5.0], [145.0], [26.0], [1.0], [2.0], [3.0], [116.0], [0.0], [1.0], [1.0], [4.0], [56.0], [275.0], [21.0], [1.0], [1.0], [537.0], [1.0], [21.0], [1.0], [2.0], [547.0]], "Graph_Edit_Distance@4": [[1.0], [5.0], [145.0], [26.0], [1.0], [2.0], [3.0], [116.0], [0.0], [1.0], [1.0], [4.0], [56.0], [275.0], [21.0], [1.0], [1.0], [537.0], [1.0], [21.0], [1.0], [2.0], [547.0]], "Graph_Edit_Distance@5": [[1.0], [5.0], [145.0], [26.0], [1.0], [2.0], [3.0], [116.0], [0.0], [1.0], [1.0], [4.0], [56.0], [275.0], [21.0], [1.0], [1.0], [537.0], [1.0], [21.0], [1.0], [2.0], [547.0]], "Graph_Edit_Distance@6": [[1.0], [5.0], [145.0], [26.0], [1.0], [2.0], [3.0], [116.0], [0.0], [1.0], [1.0], [4.0], [56.0], [275.0], [21.0], [1.0], [1.0], [537.0], [1.0], [21.0], [1.0], [2.0], [547.0]], "Graph_Edit_Distance@7": [[1.0], [5.0], [145.0], [26.0], [1.0], [2.0], [3.0], [116.0], [0.0], [1.0], [1.0], [4.0], [56.0], [275.0], [21.0], [1.0], [1.0], [537.0], [1.0], [21.0], [1.0], [2.0], [547.0]], "Graph_Edit_Distance@8": [[1.0], [5.0], [145.0], [26.0], [1.0], [2.0], [3.0], [116.0], [0.0], [1.0], [1.0], [4.0], [56.0], [275.0], [21.0], [1.0], [1.0], [537.0], [1.0], [21.0], [1.0], [2.0], [547.0]], "Graph_Edit_Distance@9": [[1.0], [5.0], [145.0], [26.0], [1.0], [2.0], [3.0], [116.0], [0.0], [1.0], [1.0], [4.0], [56.0], [275.0], [21.0], [1.0], [1.0], [537.0], [1.0], [21.0], [1.0], [2.0], [547.0]], "Graph_Edit_Distance@10": [[1.0], [5.0], [145.0], [26.0], [1.0], [2.0], [3.0], [116.0], [0.0], [1.0], [1.0], [4.0], [56.0], [275.0], [21.0], [1.0], [1.0], [537.0], [1.0], [21.0], [1.0], [2.0], [547.0]], "Oracle_Calls@1": [0, 0, 0, 0, 0, 0, 0, 0, 0, 0, 0, 0, 0, 0, 0, 0, 0, 0, 0, 0, 0, 0, 0], "Oracle_Calls@2": [0, 0, 0, 0, 0, 0, 0, 0, 0, 0, 0, 0, 0, 0, 0, 0, 0, 0, 0, 0, 0, 0, 0], "Oracle_Calls@3": [0, 0, 0, 0, 0, 0, 0, 0, 0, 0, 0, 0, 0, 0, 0, 0, 0, 0, 0, 0, 0, 0, 0], "Oracle_Calls@4": [0, 0, 0, 0, 0, 0, 0, 0, 0, 0, 0, 0, 0, 0, 0, 0, 0, 0, 0, 0, 0, 0, 0], "Oracle_Calls@5": [0, 0, 0, 0, 0, 0, 0, 0, 0, 0, 0, 0, 0, 0, 0, 0, 0, 0, 0, 0, 0, 0, 0], "Oracle_Calls@6": [0, 0, 0, 0, 0, 0, 0, 0, 0, 0, 0, 0, 0, 0, 0, 0, 0, 0, 0, 0, 0, 0, 0], "Oracle_Calls@7": [0, 0, 0, 0, 0, 0, 0, 0, 0, 0, 0, 0, 0, 0, 0, 0, 0, 0, 0, 0, 0, 0, 0], "Oracle_Calls@8": [0, 0, 0, 0, 0, 0, 0, 0, 0, 0, 0, 0, 0, 0, 0, 0, 0, 0, 0, 0, 0, 0, 0], "Oracle_Calls@9": [0, 0, 0, 0, 0, 0, 0, 0, 0, 0, 0, 0, 0, 0, 0, 0, 0, 0, 0, 0, 0, 0, 0], "Oracle_Calls@10": [0, 0, 0, 0, 0, 0, 0, 0, 0, 0, 0, 0, 0, 0, 0, 0, 0, 0, 0, 0, 0, 0, 0], "Correctness@1": [0, 0, 1, 1, 0, 0, 1, 0, 0, 0, 0, 0, 1, 1, 0, 0, 0, 1, 0, 1, 0, 0, 1], "Correctness@2": [0, 0, 1, 1, 0, 0, 1, 0, 0, 0, 0, 0, 1, 1, 0, 0, 0, 1, 0, 1, 0, 0, 1], "Correctness@3": [0, 0, 1, 1, 0, 0, 1, 0, 0, 0, 0, 0, 1, 1, 0, 0, 0, 1, 0, 1, 0, 0, 1], "Correctness@4": [0, 0, 1, 1, 0, 0, 1, 0, 0, 0, 0, 0, 1, 1, 0, 0, 0, 1, 0, 1, 0, 0, 1], "Correctness@5": [0, 0, 1, 1, 0, 0, 1, 0, 0, 0, 0, 0, 1, 1, 0, 0, 0, 1, 0, 1, 0, 0, 1], "Correctness@6": [0, 0, 1, 1, 0, 0, 1, 0, 0, 0, 0, 0, 1, 1, 0, 0, 0, 1, 0, 1, 0, 0, 1], "Correctness@7": [0, 0, 1, 1, 0, 0, 1, 0, 0, 0, 0, 0, 1, 1, 0, 0, 0, 1, 0, 1, 0, 0, 1], "Correctness@8": [0, 0, 1, 1, 0, 0, 1, 0, 0, 0, 0, 0, 1, 1, 0, 0, 0, 1, 0, 1, 0, 0, 1], "Correctness@9": [0, 0, 1, 1, 0, 0, 1, 0, 0, 0, 0, 0, 1, 1, 0, 0, 0, 1, 0, 1, 0, 0, 1], "Correctness@10": [0, 0, 1, 1, 0, 0, 1, 0, 0, 0, 0, 0, 1, 1, 0, 0, 0, 1, 0, 1, 0, 0, 1], "Sparsity@1": [[0.14285714285714285], [0.625], [1.8354430379746836], [1.4444444444444444], [0.3333333333333333], [0.4], [0.3], [2.8292682926829267], [0.0], [0.3333333333333333], [0.3333333333333333], [0.5714285714285714], [1.5555555555555556], [1.729559748427673], [1.1666666666666667], [0.3333333333333333], [0.3333333333333333], [3.6040268456375837], [0.3333333333333333], [0.8076923076923077], [0.3333333333333333], [0.4], [3.852112676056338]], "Sparsity@2": [[0.14285714285714285], [0.625], [1.8354430379746836], [1.4444444444444444], [0.3333333333333333], [0.4], [0.3], [2.8292682926829267], [0.0], [0.3333333333333333], [0.3333333333333333], [0.5714285714285714], [1.5555555555555556], [1.729559748427673], [1.1666666666666667], [0.3333333333333333], [0.3333333333333333], [3.6040268456375837], [0.3333333333333333], [0.8076923076923077], [0.3333333333333333], [0.4], [3.852112676056338]], "Sparsity@3": [[0.14285714285714285], [0.625], [1.8354430379746836], [1.4444444444444444], [0.3333333333333333], [0.4], [0.3], [2.8292682926829267], [0.0], [0.3333333333333333], [0.3333333333333333], [0.5714285714285714], [1.5555555555555556], [1.729559748427673], [1.1666666666666667], [0.3333333333333333], [0.3333333333333333], [3.6040268456375837], [0.3333333333333333], [0.8076923076923077], [0.3333333333333333], [0.4], [3.852112676056338]], "Sparsity@4": [[0.14285714285714285], [0.625], [1.8354430379746836], [1.4444444444444444], [0.3333333333333333], [0.4], [0.3], [2.8292682926829267], [0.0], [0.3333333333333333], [0.3333333333333333], [0.5714285714285714], [1.5555555555555556], [1.729559748427673], [1.1666666666666667], [0.3333333333333333], [0.3333333333333333], [3.6040268456375837], [0.3333333333333333], [0.8076923076923077], [0.3333333333333333], [0.4], [3.852112676056338]], "Sparsity@5": [[0.14285714285714285], [0.625], [1.8354430379746836], [1.4444444444444444], [0.3333333333333333], [0.4], [0.3], [2.8292682926829267], [0.0], [0.3333333333333333], [0.3333333333333333], [0.5714285714285714], [1.5555555555555556], [1.729559748427673], [1.1666666666666667], [0.3333333333333333], [0.3333333333333333], [3.6040268456375837], [0.3333333333333333], [0.8076923076923077], [0.3333333333333333], [0.4], [3.852112676056338]], "Sparsity@6": [[0.14285714285714285], [0.625], [1.8354430379746836], [1.4444444444444444], [0.3333333333333333], [0.4], [0.3], [2.8292682926829267], [0.0], [0.3333333333333333], [0.3333333333333333], [0.5714285714285714], [1.5555555555555556], [1.729559748427673], [1.1666666666666667], [0.3333333333333333], [0.3333333333333333], [3.6040268456375837], [0.3333333333333333], [0.8076923076923077], [0.3333333333333333], [0.4], [3.852112676056338]], "Sparsity@7": [[0.14285714285714285], [0.625], [1.8354430379746836], [1.4444444444444444], [0.3333333333333333], [0.4], [0.3], [2.8292682926829267], [0.0], [0.3333333333333333], [0.3333333333333333], [0.5714285714285714], [1.5555555555555556], [1.729559748427673], [1.1666666666666667], [0.3333333333333333], [0.3333333333333333], [3.6040268456375837], [0.3333333333333333], [0.8076923076923077], [0.3333333333333333], [0.4], [3.852112676056338]], "Sparsity@8": [[0.14285714285714285], [0.625], [1.8354430379746836], [1.4444444444444444], [0.3333333333333333], [0.4], [0.3], [2.8292682926829267], [0.0], [0.3333333333333333], [0.3333333333333333], [0.5714285714285714], [1.5555555555555556], [1.729559748427673], [1.1666666666666667], [0.3333333333333333], [0.3333333333333333], [3.6040268456375837], [0.3333333333333333], [0.8076923076923077], [0.3333333333333333], [0.4], [3.852112676056338]],