{"runtime": [0.9332683086395264, 0.6106781959533691, 0.7197744846343994, 15.449836015701294, 0.09232711791992188, 0.1827259063720703, 2.0863068103790283, 0.08817362785339355, 1.5480351448059082, 0.2989470958709717, 1.2761547565460205, 0.533153772354126, 0.10599017143249512, 0.1796276569366455, 0.258819580078125, 0.086761474609375, 0.18598604202270508, 0.3415517807006836, 0.08791899681091309, 2.595231294631958, 0.42427587509155273, 49.913769006729126, 0.24062538146972656, 1.5868184566497803, 0.09221339225769043, 0.08761477470397949, 0.6103579998016357, 0.12627482414245605, 26.726417541503906, 1.3011744022369385, 0.12386131286621094, 1.2344493865966797, 0.5751268863677979], "Graph_Edit_Distance@1": [[28.0], [14.0], [15.0], [140.0], [1.0], [4.0], [36.0], [1.0], [35.0], [5.0], [18.0], [5.0], [2.0], [2.0], [1.0], [1.0], [6.0], [11.0], [1.0], [68.0], [14.0], [117.0], [1.0], [38.0], [1.0], [1.0], [21.0], [0.0], [149.0], [33.0], [1.0], [33.0], [22.0]], "Graph_Edit_Distance@2": [[28.0], [14.0], [15.0], [140.0], [1.0], [4.0], [36.0], [1.0], [35.0], [5.0], [18.0], [5.0], [2.0], [2.0], [1.0], [1.0], [6.0], [11.0], [1.0], [68.0], [14.0], [117.0], [1.0], [38.0], [1.0], [1.0], [21.0], [0.0], [149.0], [33.0], [1.0], [33.0], [22.0]], "Graph_Edit_Distance@3": [[28.0], [14.0], [15.0], [140.0], [1.0], [4.0], [36.0], [1.0], [35.0], [5.0], [18.0], [5.0], [2.0], [2.0], [1.0], [1.0], [6.0], [11.0], [1.0], [68.0], [14.0], [117.0], [1.0], [38.0], [1.0], [1.0], [21.0], [0.0], [149.0], [33.0], [1.0], [33.0], [22.0]], "Graph_Edit_Distance@4": [[28.0], [14.0], [15.0], [140.0], [1.0], [4.0], [36.0], [1.0], [35.0], [5.0], [18.0], [5.0], [2.0], [2.0], [1.0], [1.0], [6.0], [11.0], [1.0], [68.0], [14.0], [117.0], [1.0], [38.0], [1.0], [1.0], [21.0], [0.0], [149.0], [33.0], [1.0], [33.0], [22.0]], "Graph_Edit_Distance@5": [[28.0], [14.0], [15.0], [140.0], [1.0], [4.0], [36.0], [1.0], [35.0], [5.0], [18.0], [5.0], [2.0], [2.0], [1.0], [1.0], [6.0], [11.0], [1.0], [68.0], [14.0], [117.0], [1.0], [38.0], [1.0], [1.0], [21.0], [0.0], [149.0], [33.0], [1.0], [33.0], [22.0]], "Graph_Edit_Distance@6": [[28.0], [14.0], [15.0], [140.0], [1.0], [4.0], [36.0], [1.0], [35.0], [5.0], [18.0], [5.0], [2.0], [2.0], [1.0], [1.0], [6.0], [11.0], [1.0], [68.0], [14.0], [117.0], [1.0], [38.0], [1.0], [1.0], [21.0], [0.0], [149.0], [33.0], [1.0], [33.0], [22.0]], "Graph_Edit_Distance@7": [[28.0], [14.0], [15.0], [140.0], [1.0], [4.0], [36.0], [1.0], [35.0], [5.0], [18.0], [5.0], [2.0], [2.0], [1.0], [1.0], [6.0], [11.0], [1.0], [68.0], [14.0], [117.0], [1.0], [38.0], [1.0], [1.0], [21.0], [0.0], [149.0], [33.0], [1.0], [33.0], [22.0]], "Graph_Edit_Distance@8": [[28.0], [14.0], [15.0], [140.0], [1.0], [4.0], [36.0], [1.0], [35.0], [5.0], [18.0], [5.0], [2.0], [2.0], [1.0], [1.0], [6.0], [11.0], [1.0], [68.0], [14.0], [117.0], [1.0], [38.0], [1.0], [1.0], [21.0], [0.0], [149.0], [33.0], [1.0], [33.0], [22.0]], "Graph_Edit_Distance@9": [[28.0], [14.0], [15.0], [140.0], [1.0], [4.0], [36.0], [1.0], [35.0], [5.0], [18.0], [5.0], [2.0], [2.0], [1.0], [1.0], [6.0], [11.0], [1.0], [68.0], [14.0], [117.0], [1.0], [38.0], [1.0], [1.0], [21.0], [0.0], [149.0], [33.0], [1.0], [33.0], [22.0]], "Graph_Edit_Distance@10": [[28.0], [14.0], [15.0], [140.0], [1.0], [4.0], [36.0], [1.0], [35.0], [5.0], [18.0], [5.0], [2.0], [2.0], [1.0], [1.0], [6.0], [11.0], [1.0], [68.0], [14.0], [117.0], [1.0], [38.0], [1.0], [1.0], [21.0], [0.0], [149.0], [33.0], [1.0], [33.0], [22.0]], "Oracle_Calls@1": [0, 0, 0, 0, 0, 0, 0, 0, 0, 0, 0, 0, 0, 0, 0, 0, 0, 0, 0, 0, 0, 0, 0, 0, 0, 0, 0, 0, 0, 0, 0, 0, 0], "Oracle_Calls@2": [0, 0, 0, 0, 0, 0, 0, 0, 0, 0, 0, 0, 0, 0, 0, 0, 0, 0, 0, 0, 0, 0, 0, 0, 0, 0, 0, 0, 0, 0, 0, 0, 0], "Oracle_Calls@3": [0, 0, 0, 0, 0, 0, 0, 0, 0, 0, 0, 0, 0, 0, 0, 0, 0, 0, 0, 0, 0, 0, 0, 0, 0, 0, 0, 0, 0, 0, 0, 0, 0], "Oracle_Calls@4": [0, 0, 0, 0, 0, 0, 0, 0, 0, 0, 0, 0, 0, 0, 0, 0, 0, 0, 0, 0, 0, 0, 0, 0, 0, 0, 0, 0, 0, 0, 0, 0, 0], "Oracle_Calls@5": [0, 0, 0, 0, 0, 0, 0, 0, 0, 0, 0, 0, 0, 0, 0, 0, 0, 0, 0, 0, 0, 0, 0, 0, 0, 0, 0, 0, 0, 0, 0, 0, 0], "Oracle_Calls@6": [0, 0, 0, 0, 0, 0, 0, 0, 0, 0, 0, 0, 0, 0, 0, 0, 0, 0, 0, 0, 0, 0, 0, 0, 0, 0, 0, 0, 0, 0, 0, 0, 0], "Oracle_Calls@7": [0, 0, 0, 0, 0, 0, 0, 0, 0, 0, 0, 0, 0, 0, 0, 0, 0, 0, 0, 0, 0, 0, 0, 0, 0, 0, 0, 0, 0, 0, 0, 0, 0], "Oracle_Calls@8": [0, 0, 0, 0, 0, 0, 0, 0, 0, 0, 0, 0, 0, 0, 0, 0, 0, 0, 0, 0, 0, 0, 0, 0, 0, 0, 0, 0, 0, 0, 0, 0, 0], "Oracle_Calls@9": [0, 0, 0, 0, 0, 0, 0, 0, 0, 0, 0, 0, 0, 0, 0, 0, 0, 0, 0, 0, 0, 0, 0, 0, 0, 0, 0, 0, 0, 0, 0, 0, 0], "Oracle_Calls@10": [0, 0, 0, 0, 0, 0, 0, 0, 0, 0, 0, 0, 0, 0, 0, 0, 0, 0, 0, 0, 0, 0, 0, 0, 0, 0, 0, 0, 0, 0, 0, 0, 0], "Correctness@1": [1, 0, 0, 0, 0, 1, 1, 0, 1, 0, 0, 0, 0, 0, 0, 0, 0, 0, 0, 0, 1, 1, 0, 0, 0, 0, 0, 0, 0, 0, 0, 0, 0], "Correctness@2": [1, 0, 0, 0, 0, 1, 1, 0, 1, 0, 0, 0, 0, 0, 0, 0, 0, 0, 0, 0, 1, 1, 0, 0, 0, 0, 0, 0, 0, 0, 0, 0, 0], "Correctness@3": [1, 0, 0, 0, 0, 1, 1, 0, 1, 0, 0, 0, 0, 0, 0, 0, 0, 0, 0, 0, 1, 1, 0, 0, 0, 0, 0, 0, 0, 0, 0, 0, 0], "Correctness@4": [1, 0, 0, 0, 0, 1, 1, 0, 1, 0, 0, 0, 0, 0, 0, 0, 0, 0, 0, 0, 1, 1, 0, 0, 0, 0, 0, 0, 0, 0, 0, 0, 0], "Correctness@5": [1, 0, 0, 0, 0, 1, 1, 0, 1, 0, 0, 0, 0, 0, 0, 0, 0, 0, 0, 0, 1, 1, 0, 0, 0, 0, 0, 0, 0, 0, 0, 0, 0], "Correctness@6": [1, 0, 0, 0, 0, 1, 1, 0, 1, 0, 0, 0, 0, 0, 0, 0, 0, 0, 0, 0, 1, 1, 0, 0, 0, 0, 0, 0, 0, 0, 0, 0, 0], "Correctness@7": [1, 0, 0, 0, 0, 1, 1, 0, 1, 0, 0, 0, 0, 0, 0, 0, 0, 0, 0, 0, 1, 1, 0, 0, 0, 0, 0, 0, 0, 0, 0, 0, 0], "Correctness@8": [1, 0, 0, 0, 0, 1, 1, 0, 1, 0, 0, 0, 0, 0, 0, 0, 0, 0, 0, 0, 1, 1, 0, 0, 0, 0, 0, 0, 0, 0, 0, 0, 0], "Correctness@9": [1, 0, 0, 0, 0, 1, 1, 0, 1, 0, 0, 0, 0, 0, 0, 0, 0, 0, 0, 0, 1, 1, 0, 0, 0, 0, 0, 0, 0, 0, 0, 0, 0], "Correctness@10": [1, 0, 0, 0, 0, 1, 1, 0, 1, 0, 0, 0, 0, 0, 0, 0, 0, 0, 0, 0, 1, 1, 0, 0, 0, 0, 0, 0, 0, 0, 0, 0, 0], "Sparsity@1": [[1.3333333333333333], [0.8235294117647058], [0.7894736842105263], [2.3728813559322033], [0.3333333333333333], [0.36363636363636365], [1.0], [0.3333333333333333], [1.2962962962962963], [0.625], [0.8571428571428571], [0.2631578947368421], [0.4], [0.2], [0.3333333333333333], [0.3333333333333333], [0.6], [0.8461538461538461], [0.3333333333333333], [2.193548387096774], [0.9333333333333333], [1.5810810810810811], [0.3333333333333333], [1.7272727272727273], [0.3333333333333333], [0.3333333333333333], [1.105263157894737], [0.0], [2.759259259259259], [1.375], [0.3333333333333333], [1.8333333333333333], [1.4666666666666666]], "Sparsity@2": [[1.3333333333333333], [0.8235294117647058], [0.7894736842105263], [2.3728813559322033], [0.3333333333333333], [0.36363636363636365], [1.0], [0.3333333333333333], [1.2962962962962963], [0.625], [0.8571428571428571], [0.2631578947368421], [0.4], [0.2], [0.3333333333333333], [0.3333333333333333], [0.6], [0.8461538461538461], [0.3333333333333333], [2.193548387096774], [0.9333333333333333], [1.5810810810810811], [0.3333333333333333], [1.7272727272727273], [0.3333333333333333], [0.3333333333333333], [1.105263157894737], [0.0], [2.759259259259259], [1.375], [0.3333333333333333], [1.8333333333333333], [1.4666666666666666]], "Sparsity@3": [[1.3333333333333333], [0.8235294117647058], [0.7894736842105263], [2.3728813559322033], [0.3333333333333333], [0.36363636363636365], [1.0], [0.3333333333333333], [1.2962962962962963], [0.625], [0.8571428571428571], [0.2631578947368421], [0.4], [0.2], [0.3333333333333333], [0.3333333333333333], [0.6], [0.8461538461538461], [0.3333333333333333], [2.193548387096774], [0.9333333333333333], [1.5810810810810811], [0.3333333333333333], [1.7272727272727273], [0.3333333333333333], [0.3333333333333333], [1.105263157894737], [0.0], [2.759259259259259], [1.375], [0.3333333333333333], [1.8333333333333333], [1.4666666666666666]],