{"runtime": [4.164480209350586, 0.3934028148651123, 0.19500374794006348, 3.2867913246154785, 1.432694673538208, 0.11426639556884766, 0.11317682266235352, 709.6573486328125, 0.4330108165740967, 239.21082019805908, 11.358352422714233, 0.19217610359191895, 0.1492476463317871, 0.19916772842407227, 0.23044657707214355, 0.12829375267028809, 0.24802470207214355, 0.21300840377807617, 9.319324493408203, 0.09428024291992188, 0.35690951347351074, 0.6137583255767822, 0.1077721118927002, 0.0887138843536377, 4.92988133430481, 0.0883028507232666, 0.32997632026672363, 0.10522246360778809, 0.13461041450500488, 5.446875095367432, 0.18759369850158691, 93.3844006061554, 5.890843629837036, 0.34099721908569336, 62.26450204849243, 0.40813469886779785, 0.09007811546325684, 0.8209192752838135, 0.2697560787200928], "Graph_Edit_Distance@1": [[81.0], [5.0], [4.0], [34.0], [13.0], [1.0], [1.0], [1069.0], [3.0], [582.0], [52.0], [2.0], [2.0], [5.0], [3.0], [1.0], [2.0], [9.0], [45.0], [1.0], [11.0], [16.0], [0.0], [1.0], [31.0], [1.0], [6.0], [2.0], [1.0], [76.0], [2.0], [395.0], [27.0], [6.0], [104.0], [2.0], [1.0], [15.0], [10.0]], "Graph_Edit_Distance@2": [[81.0], [5.0], [4.0], [34.0], [13.0], [1.0], [1.0], [1069.0], [3.0], [582.0], [52.0], [2.0], [2.0], [5.0], [3.0], [1.0], [2.0], [9.0], [45.0], [1.0], [11.0], [16.0], [0.0], [1.0], [31.0], [1.0], [6.0], [2.0], [1.0], [76.0], [2.0], [395.0], [27.0], [6.0], [104.0], [2.0], [1.0], [15.0], [10.0]], "Graph_Edit_Distance@3": [[81.0], [5.0], [4.0], [34.0], [13.0], [1.0], [1.0], [1069.0], [3.0], [582.0], [52.0], [2.0], [2.0], [5.0], [3.0], [1.0], [2.0], [9.0], [45.0], [1.0], [11.0], [16.0], [0.0], [1.0], [31.0], [1.0], [6.0], [2.0], [1.0], [76.0], [2.0], [395.0], [27.0], [6.0], [104.0], [2.0], [1.0], [15.0], [10.0]], "Graph_Edit_Distance@4": [[81.0], [5.0], [4.0], [34.0], [13.0], [1.0], [1.0], [1069.0], [3.0], [582.0], [52.0], [2.0], [2.0], [5.0], [3.0], [1.0], [2.0], [9.0], [45.0], [1.0], [11.0], [16.0], [0.0], [1.0], [31.0], [1.0], [6.0], [2.0], [1.0], [76.0], [2.0], [395.0], [27.0], [6.0], [104.0], [2.0], [1.0], [15.0], [10.0]], "Graph_Edit_Distance@5": [[81.0], [5.0], [4.0], [34.0], [13.0], [1.0], [1.0], [1069.0], [3.0], [582.0], [52.0], [2.0], [2.0], [5.0], [3.0], [1.0], [2.0], [9.0], [45.0], [1.0], [11.0], [16.0], [0.0], [1.0], [31.0], [1.0], [6.0], [2.0], [1.0], [76.0], [2.0], [395.0], [27.0], [6.0], [104.0], [2.0], [1.0], [15.0], [10.0]], "Graph_Edit_Distance@6": [[81.0], [5.0], [4.0], [34.0], [13.0], [1.0], [1.0], [1069.0], [3.0], [582.0], [52.0], [2.0], [2.0], [5.0], [3.0], [1.0], [2.0], [9.0], [45.0], [1.0], [11.0], [16.0], [0.0], [1.0], [31.0], [1.0], [6.0], [2.0], [1.0], [76.0], [2.0], [395.0], [27.0], [6.0], [104.0], [2.0], [1.0], [15.0], [10.0]], "Graph_Edit_Distance@7": [[81.0], [5.0], [4.0], [34.0], [13.0], [1.0], [1.0], [1069.0], [3.0], [582.0], [52.0], [2.0], [2.0], [5.0], [3.0], [1.0], [2.0], [9.0], [45.0], [1.0], [11.0], [16.0], [0.0], [1.0], [31.0], [1.0], [6.0], [2.0], [1.0], [76.0], [2.0], [395.0], [27.0], [6.0], [104.0], [2.0], [1.0], [15.0], [10.0]], "Graph_Edit_Distance@8": [[81.0], [5.0], [4.0], [34.0], [13.0], [1.0], [1.0], [1069.0], [3.0], [582.0], [52.0], [2.0], [2.0], [5.0], [3.0], [1.0], [2.0], [9.0], [45.0], [1.0], [11.0], [16.0], [0.0], [1.0], [31.0], [1.0], [6.0], [2.0], [1.0], [76.0], [2.0], [395.0], [27.0], [6.0], [104.0], [2.0], [1.0], [15.0], [10.0]], "Graph_Edit_Distance@9": [[81.0], [5.0], [4.0], [34.0], [13.0], [1.0], [1.0], [1069.0], [3.0], [582.0], [52.0], [2.0], [2.0], [5.0], [3.0], [1.0], [2.0], [9.0], [45.0], [1.0], [11.0], [16.0], [0.0], [1.0], [31.0], [1.0], [6.0], [2.0], [1.0], [76.0], [2.0], [395.0], [27.0], [6.0], [104.0], [2.0], [1.0], [15.0], [10.0]], "Graph_Edit_Distance@10": [[81.0], [5.0], [4.0], [34.0], [13.0], [1.0], [1.0], [1069.0], [3.0], [582.0], [52.0], [2.0], [2.0], [5.0], [3.0], [1.0], [2.0], [9.0], [45.0], [1.0], [11.0], [16.0], [0.0], [1.0], [31.0], [1.0], [6.0], [2.0], [1.0], [76.0], [2.0], [395.0], [27.0], [6.0], [104.0], [2.0], [1.0], [15.0], [10.0]], "Oracle_Calls@1": [0, 0, 0, 0, 0, 0, 0, 0, 0, 0, 0, 0, 0, 0, 0, 0, 0, 0, 0, 0, 0, 0, 0, 0, 0, 0, 0, 0, 0, 0, 0, 0, 0, 0, 0, 0, 0, 0, 0], "Oracle_Calls@2": [0, 0, 0, 0, 0, 0, 0, 0, 0, 0, 0, 0, 0, 0, 0, 0, 0, 0, 0, 0, 0, 0, 0, 0, 0, 0, 0, 0, 0, 0, 0, 0, 0, 0, 0, 0, 0, 0, 0], "Oracle_Calls@3": [0, 0, 0, 0, 0, 0, 0, 0, 0, 0, 0, 0, 0, 0, 0, 0, 0, 0, 0, 0, 0, 0, 0, 0, 0, 0, 0, 0, 0, 0, 0, 0, 0, 0, 0, 0, 0, 0, 0], "Oracle_Calls@4": [0, 0, 0, 0, 0, 0, 0, 0, 0, 0, 0, 0, 0, 0, 0, 0, 0, 0, 0, 0, 0, 0, 0, 0, 0, 0, 0, 0, 0, 0, 0, 0, 0, 0, 0, 0, 0, 0, 0], "Oracle_Calls@5": [0, 0, 0, 0, 0, 0, 0, 0, 0, 0, 0, 0, 0, 0, 0, 0, 0, 0, 0, 0, 0, 0, 0, 0, 0, 0, 0, 0, 0, 0, 0, 0, 0, 0, 0, 0, 0, 0, 0], "Oracle_Calls@6": [0, 0, 0, 0, 0, 0, 0, 0, 0, 0, 0, 0, 0, 0, 0, 0, 0, 0, 0, 0, 0, 0, 0, 0, 0, 0, 0, 0, 0, 0, 0, 0, 0, 0, 0, 0, 0, 0, 0], "Oracle_Calls@7": [0, 0, 0, 0, 0, 0, 0, 0, 0, 0, 0, 0, 0, 0, 0, 0, 0, 0, 0, 0, 0, 0, 0, 0, 0, 0, 0, 0, 0, 0, 0, 0, 0, 0, 0, 0, 0, 0, 0], "Oracle_Calls@8": [0, 0, 0, 0, 0, 0, 0, 0, 0, 0, 0, 0, 0, 0, 0, 0, 0, 0, 0, 0, 0, 0, 0, 0, 0, 0, 0, 0, 0, 0, 0, 0, 0, 0, 0, 0, 0, 0, 0], "Oracle_Calls@9": [0, 0, 0, 0, 0, 0, 0, 0, 0, 0, 0, 0, 0, 0, 0, 0, 0, 0, 0, 0, 0, 0, 0, 0, 0, 0, 0, 0, 0, 0, 0, 0, 0, 0, 0, 0, 0, 0, 0], "Oracle_Calls@10": [0, 0, 0, 0, 0, 0, 0, 0, 0, 0, 0, 0, 0, 0, 0, 0, 0, 0, 0, 0, 0, 0, 0, 0, 0, 0, 0, 0, 0, 0, 0, 0, 0, 0, 0, 0, 0, 0, 0], "Correctness@1": [0, 0, 0, 0, 0, 0, 0, 0, 0, 1, 1, 0, 0, 1, 0, 0, 0, 0, 1, 0, 0, 0, 0, 0, 0, 0, 0, 1, 1, 1, 0, 0, 1, 0, 0, 1, 0, 1, 0], "Correctness@2": [0, 0, 0, 0, 0, 0, 0, 0, 0, 1, 1, 0, 0, 1, 0, 0, 0, 0, 1, 0, 0, 0, 0, 0, 0, 0, 0, 1, 1, 1, 0, 0, 1, 0, 0, 1, 0, 1, 0], "Correctness@3": [0, 0, 0, 0, 0, 0, 0, 0, 0, 1, 1, 0, 0, 1, 0, 0, 0, 0, 1, 0, 0, 0, 0, 0, 0, 0, 0, 1, 1, 1, 0, 0, 1, 0, 0, 1, 0, 1, 0], "Correctness@4": [0, 0, 0, 0, 0, 0, 0, 0, 0, 1, 1, 0, 0, 1, 0, 0, 0, 0, 1, 0, 0, 0, 0, 0, 0, 0, 0, 1, 1, 1, 0, 0, 1, 0, 0, 1, 0, 1, 0], "Correctness@5": [0, 0, 0, 0, 0, 0, 0, 0, 0, 1, 1, 0, 0, 1, 0, 0, 0, 0, 1, 0, 0, 0, 0, 0, 0, 0, 0, 1, 1, 1, 0, 0, 1, 0, 0, 1, 0, 1, 0], "Correctness@6": [0, 0, 0, 0, 0, 0, 0, 0, 0, 1, 1, 0, 0, 1, 0, 0, 0, 0, 1, 0, 0, 0, 0, 0, 0, 0, 0, 1, 1, 1, 0, 0, 1, 0, 0, 1, 0, 1, 0], "Correctness@7": [0, 0, 0, 0, 0, 0, 0, 0, 0, 1, 1, 0, 0, 1, 0, 0, 0, 0, 1, 0, 0, 0, 0, 0, 0, 0, 0, 1, 1, 1, 0, 0, 1, 0, 0, 1, 0, 1, 0], "Correctness@8": [0, 0, 0, 0, 0, 0, 0, 0, 0, 1, 1, 0, 0, 1, 0, 0, 0, 0, 1, 0, 0, 0, 0, 0, 0, 0, 0, 1, 1, 1, 0, 0, 1, 0, 0, 1, 0, 1, 0], "Correctness@9": [0, 0, 0, 0, 0, 0, 0, 0, 0, 1, 1, 0, 0, 1, 0, 0, 0, 0, 1, 0, 0, 0, 0, 0, 0, 0, 0, 1, 1, 1, 0, 0, 1, 0, 0, 1, 0, 1, 0], "Correctness@10": [0, 0, 0, 0, 0, 0, 0, 0, 0, 1, 1, 0, 0, 1, 0, 0, 0, 0, 1, 0, 0, 0, 0, 0, 0, 0, 0, 1, 1, 1, 0, 0, 1, 0, 0, 1, 0, 1, 0], "Sparsity@1": [[2.189189189189189], [0.45454545454545453], [0.5], [1.0303030303030303], [0.7222222222222222], [0.3333333333333333], [0.3333333333333333], [3.181547619047619], [0.6], [2.7196261682242993], [1.0], [0.4], [0.4], [0.7142857142857143], [0.375], [0.3333333333333333], [0.25], [0.9], [0.8653846153846154], [0.3333333333333333], [0.7333333333333333], [0.9411764705882353], [0.0], [0.3333333333333333], [0.5254237288135594], [0.3333333333333333], [0.5454545454545454], [0.4], [0.14285714285714285], [1.4615384615384615], [0.4], [3.4347826086956523], [0.6136363636363636], [0.6], [0.7591240875912408], [0.125], [0.3333333333333333], [0.6], [0.8333333333333334]],